period,energySource,ash-content,consumption-for-eg-btu,consumption-uto-btu,cost-per-btu,generation,heat-content,receipts-btu,stocks,sulfur-content,total-consumption-btu
2008-01-01,fossil fuels,3.12,281.61,10.36,7.0,28830.19,9.85,266757.42,23911.23,0.82,291.97
2008-01-01,others,0.0,251.47,0.88,0.0,23851.43,0.0,0.0,0.0,0.0,252.35
2008-01-01,renewables,2.65,14.39,4.72,1.06,1313.12,1.05,466.37,77.0,0.09,19.11
2008-02-01,fossil fuels,3.03,193.27,8.91,6.69,19511.71,11.03,191351.71,17899.89,1.16,202.18
2008-02-01,others,0.0,2.76,0.69,0.0,200.83,0.0,0.0,0.0,0.0,3.46
2008-02-01,renewables,1.62,18.93,5.51,0.2,1774.69,0.51,108.87,0.01,0.04,24.44
2008-03-01,fossil fuels,3.1,313.18,8.63,7.17,31611.79,10.6,331404.22,28144.92,0.96,321.8
2008-03-01,others,0.0,60.79,0.68,0.0,5798.2,0.0,0.0,0.0,0.0,61.48
2008-03-01,renewables,1.73,15.67,3.94,0.69,1394.62,0.82,274.59,32.43,0.1,19.61
2008-04-01,fossil fuels,2.4,60.49,6.19,7.92,6606.74,10.13,72365.6,6495.41,0.98,66.68
2008-04-01,others,0.0,295.2,0.29,0.0,28135.96,0.0,0.0,0.0,0.0,295.5
2008-04-01,renewables,2.86,14.92,1.74,0.84,1378.31,0.99,609.34,57.25,0.13,16.67
2008-05-01,fossil fuels,3.14,216.15,6.59,8.73,22015.65,9.24,237419.53,19973.35,0.87,222.75
2008-05-01,others,0.0,187.98,0.35,0.0,17838.57,0.0,0.0,0.0,0.0,188.33
2008-05-01,renewables,1.94,21.32,5.2,0.7,2066.95,0.84,230.97,22.33,0.08,26.51
2008-06-01,fossil fuels,3.01,210.3,9.22,9.12,21630.46,9.31,211897.95,15829.04,0.87,219.52
2008-06-01,others,0.0,145.01,0.67,0.0,13681.47,0.0,0.0,0.0,0.0,145.68
2008-06-01,renewables,1.84,20.44,3.71,1.06,1965.07,0.8,346.09,31.5,0.06,24.15
2008-07-01,fossil fuels,2.84,192.13,7.85,8.5,19735.15,9.73,185600.28,14884.63,0.81,199.98
2008-07-01,others,0.0,198.45,0.17,0.0,18783.21,0.0,0.0,0.0,0.0,198.62
2008-07-01,renewables,0.47,15.02,2.23,1.36,1404.26,0.52,48.02,68.09,0.02,17.24
2008-08-01,fossil fuels,3.22,191.58,6.15,8.28,19555.64,9.97,194844.99,13995.54,0.83,197.73
2008-08-01,others,0.0,128.49,0.94,0.0,12253.7,0.0,0.0,0.0,0.0,129.43
2008-08-01,renewables,1.68,15.37,2.78,1.0,1468.87,0.86,258.08,33.52,0.09,18.15
2008-09-01,fossil fuels,2.89,135.97,6.94,7.55,13982.73,9.72,146518.81,11904.56,0.84,142.92
2008-09-01,others,0.0,307.76,0.49,0.0,29302.55,0.0,0.0,0.0,0.0,308.25
2008-09-01,renewables,1.71,12.8,4.22,1.19,1200.45,0.96,268.23,44.54,0.09,17.02
2008-10-01,fossil fuels,3.13,216.9,5.43,6.49,22436.01,9.98,251885.52,20497.73,0.92,222.33
2008-10-01,others,0.0,148.62,0.18,0.0,14081.94,0.0,0.0,0.0,0.0,148.79
2008-10-01,renewables,0.62,14.82,1.66,0.76,1365.02,0.5,142.39,35.38,0.06,16.48
2008-11-01,fossil fuels,3.34,304.87,6.22,6.13,31247.87,10.72,338449.97,33487.46,1.02,311.09
2008-11-01,others,0.0,277.72,0.13,0.0,26460.72,0.0,0.0,0.0,0.0,277.85
2008-11-01,renewables,2.64,21.85,3.61,0.12,2039.64,0.93,441.38,0.0,0.1,25.46
2008-12-01,fossil fuels,3.47,138.83,7.03,4.83,14332.26,10.48,145311.42,11810.84,0.87,145.86
2008-12-01,others,0.0,151.25,0.33,0.0,14327.16,0.0,0.0,0.0,0.0,151.58
2008-12-01,renewables,1.6,15.35,3.74,0.47,1486.92,0.72,259.37,15.88,0.06,19.09
2009-01-01,fossil fuels,3.14,213.99,5.58,4.01,22114.65,9.83,210151.69,18644.0,0.83,219.57
2009-01-01,others,0.0,295.62,0.65,0.0,28049.62,0.0,0.0,0.0,0.0,296.27
2009-01-01,renewables,2.35,21.36,4.23,0.51,2020.19,0.87,466.09,40.49,0.08,25.58
2009-02-01,fossil fuels,2.87,110.56,2.95,3.71,11429.51,9.16,122698.3,13195.98,0.77,113.52
2009-02-01,others,0.0,88.83,0.3,0.0,8463.48,0.0,0.0,0.0,0.0,89.14
2009-02-01,renewables,1.55,12.42,2.94,0.25,1236.99,0.77,109.36,19.9,0.07,15.36
2009-03-01,fossil fuels,3.22,195.31,9.63,3.81,20466.55,9.61,233883.6,23909.56,0.82,204.94
2009-03-01,others,0.0,177.89,0.9,0.0,16884.62,0.0,0.0,0.0,0.0,178.79
2009-03-01,renewables,1.45,20.5,3.16,0.48,1971.18,0.75,367.89,46.49,0.08,23.66
2009-04-01,fossil fuels,2.83,147.09,4.11,3.63,15263.53,9.19,175974.76,19496.86,0.76,151.2
2009-04-01,others,0.0,210.85,0.26,0.0,19983.01,0.0,0.0,0.0,0.0,211.11
2009-04-01,renewables,1.32,22.84,2.72,0.47,2216.73,0.67,381.01,50.2,0.07,25.56
2009-05-01,fossil fuels,2.78,200.29,6.12,3.56,20778.02,9.18,230142.04,25431.25,0.78,206.41
2009-05-01,others,0.0,213.62,0.87,0.0,20225.24,0.0,0.0,0.0,0.0,214.49
2009-05-01,renewables,1.44,23.58,2.59,0.53,2245.45,0.64,290.74,40.59,0.06,26.17
2009-06-01,fossil fuels,2.94,213.33,9.07,4.82,22321.4,8.82,226841.07,23090.36,0.77,222.4
2009-06-01,others,0.0,150.45,1.44,0.0,14235.85,0.0,0.0,0.0,0.0,151.89
2009-06-01,renewables,1.22,23.79,3.0,0.63,2327.77,0.69,250.77,48.28,0.07,26.79
2009-07-01,fossil fuels,2.66,168.47,6.19,4.2,17424.33,8.86,172184.5,18285.77,0.82,174.66
2009-07-01,others,0.0,112.91,0.73,0.0,10656.88,0.0,0.0,0.0,0.0,113.64
2009-07-01,renewables,2.31,15.81,3.1,0.38,1538.57,1.03,371.79,3.78,0.11,18.91
2009-08-01,fossil fuels,2.74,281.97,11.59,5.09,29725.1,9.97,292056.27,27369.98,1.05,293.56
2009-08-01,others,0.0,222.96,1.01,0.0,21035.81,0.0,0.0,0.0,0.0,223.97
2009-08-01,renewables,3.63,18.14,5.74,0.56,1715.04,1.19,828.77,19.46,0.14,23.89
2009-09-01,fossil fuels,3.07,146.57,7.4,4.39,15503.48,10.08,162821.06,17565.17,0.79,153.97
2009-09-01,others,0.0,175.58,0.9,0.0,16651.54,0.0,0.0,0.0,0.0,176.48
2009-09-01,renewables,0.53,15.34,3.08,0.67,1466.54,0.56,142.22,40.4,0.05,18.41
2009-10-01,fossil fuels,3.11,106.23,3.91,4.8,11149.4,8.88,114660.46,12907.58,0.62,110.14
2009-10-01,others,0.0,174.76,0.65,0.0,16652.11,0.0,0.0,0.0,0.0,175.41
2009-10-01,renewables,1.28,10.5,3.28,0.65,1027.02,0.6,197.62,34.83,0.05,13.77
2009-11-01,fossil fuels,2.79,158.85,5.57,4.83,16578.05,10.32,171994.87,21564.36,0.96,164.42
2009-11-01,others,0.0,210.17,0.47,0.0,19916.79,0.0,0.0,0.0,0.0,210.64
2009-11-01,renewables,1.74,21.2,3.8,0.82,2039.22,0.88,298.72,61.03,0.08,25.0
2009-12-01,fossil fuels,2.88,211.3,6.75,4.05,21471.01,10.09,189763.27,24790.7,0.86,218.05
2009-12-01,others,0.0,159.04,0.0,0.0,15060.96,0.0,0.0,0.0,0.0,159.04
2009-12-01,renewables,1.76,16.53,4.26,0.64,1589.4,0.9,278.16,30.85,0.1,20.79
2010-01-01,fossil fuels,1.87,142.56,8.61,5.92,15091.5,6.11,133437.37,12309.15,0.49,151.17
2010-01-01,others,0.0,305.37,0.26,0.0,29141.29,7.56,0.0,0.0,0.0,305.63
2010-01-01,renewables,1.99,10.3,0.46,0.77,933.86,2.38,239.5,40.16,0.12,10.77
2010-02-01,fossil fuels,4.11,386.85,10.54,5.05,39794.89,10.17,363064.93,37666.29,0.94,397.4
2010-02-01,others,0.0,337.85,0.12,0.0,32256.62,7.41,0.0,0.0,0.0,337.97
2010-02-01,renewables,2.65,11.46,5.06,0.88,1050.11,2.56,258.26,32.99,0.09,16.51
2010-03-01,fossil fuels,3.05,102.62,2.76,4.85,10787.59,8.41,114797.38,10670.25,0.58,105.38
2010-03-01,others,0.0,272.2,0.0,0.0,25953.51,7.05,0.0,0.0,0.0,272.2
2010-03-01,renewables,1.5,16.49,0.28,0.67,1564.22,1.99,367.94,39.69,0.08,16.77
2010-04-01,fossil fuels,3.01,91.99,9.02,4.23,9924.52,9.96,108813.15,12244.46,0.91,101.01
2010-04-01,others,0.0,155.13,1.07,0.0,14698.35,9.12,0.0,0.0,0.0,156.2
2010-04-01,renewables,1.02,23.82,3.01,0.42,2291.97,1.28,279.9,31.74,0.06,26.83
2010-05-01,fossil fuels,4.23,169.99,6.52,4.94,16733.71,13.62,181646.84,23594.26,1.17,176.51
2010-05-01,others,0.0,8.97,0.0,0.0,509.85,17.06,0.0,0.0,0.0,8.97
2010-05-01,renewables,1.34,8.77,3.45,0.77,861.69,1.7,58.96,12.25,0.08,12.22
2010-06-01,fossil fuels,2.68,153.26,4.64,5.09,16012.35,8.6,143216.74,15355.14,0.95,157.89
2010-06-01,others,0.0,208.65,1.22,0.0,19844.38,8.1,0.0,0.0,0.0,209.87
2010-06-01,renewables,2.66,32.33,4.11,1.04,3120.74,2.53,532.24,54.41,0.13,36.44
2010-07-01,fossil fuels,1.58,109.13,7.02,4.17,11851.5,7.67,110704.8,8660.03,0.88,116.16
2010-07-01,others,0.0,192.29,1.31,0.0,18282.88,9.54,0.0,0.0,0.0,193.6
2010-07-01,renewables,0.98,17.12,2.7,0.55,1682.59,1.53,205.18,28.54,0.08,19.82
2010-08-01,fossil fuels,3.56,266.97,10.26,5.54,27262.01,10.82,259735.9,20402.84,0.93,277.23
2010-08-01,others,0.0,224.53,0.79,0.0,21336.84,6.41,0.0,0.0,0.0,225.32
2010-08-01,renewables,2.23,20.21,4.97,1.05,1907.71,2.04,614.62,57.55,0.13,25.18
2010-09-01,fossil fuels,2.83,192.17,9.83,4.18,20199.01,8.47,207714.89,17814.36,0.7,202.0
2010-09-01,others,0.0,269.57,1.05,0.0,25685.74,7.35,0.0,0.0,0.0,270.62
2010-09-01,renewables,0.76,16.78,3.16,0.59,1551.95,1.92,265.21,45.86,0.05,19.93
2010-10-01,fossil fuels,3.68,127.85,5.84,4.48,13810.17,10.75,151429.24,13874.73,1.03,133.69
2010-10-01,others,0.0,149.37,0.3,0.0,14165.48,11.59,0.0,0.0,0.0,149.67
2010-10-01,renewables,0.93,17.62,2.0,0.41,1665.51,1.63,95.77,15.42,0.04,19.62
2010-11-01,fossil fuels,2.32,116.67,5.65,4.51,12421.12,8.68,134402.33,16202.41,0.98,122.32
2010-11-01,others,0.0,268.74,1.0,0.0,25495.69,6.53,0.0,0.0,0.0,269.74
2010-11-01,renewables,0.75,17.47,4.21,0.4,1702.96,1.8,232.58,27.82,0.06,21.69
2010-12-01,fossil fuels,3.19,229.9,10.03,5.57,23679.36,9.36,218503.77,21536.41,1.14,239.93
2010-12-01,others,0.0,6.19,2.96,0.0,502.76,5.11,0.0,0.0,0.0,9.16
2010-12-01,renewables,1.23,13.31,7.14,1.0,1271.87,2.14,34.83,30.41,0.04,20.44
2011-01-01,fossil fuels,3.71,239.5,2.36,1.39,24408.79,10.94,218858.79,2416.75,1.18,241.86
2011-01-01,others,0.0,193.15,0.37,0.0,18364.05,5.7,0.0,0.0,0.0,193.52
2011-01-01,renewables,2.88,22.86,3.44,0.25,2213.82,2.32,499.38,0.0,0.17,26.3
2011-02-01,fossil fuels,2.59,192.75,4.85,2.18,19115.98,8.33,194767.87,5494.26,0.93,197.6
2011-02-01,others,0.0,119.63,0.2,0.0,11409.69,5.41,0.0,0.0,0.0,119.83
2011-02-01,renewables,2.71,33.24,3.0,0.25,3288.03,1.8,396.19,0.0,0.12,36.24
2011-03-01,fossil fuels,4.33,90.62,0.03,0.98,9401.81,12.37,96395.79,9.83,1.4,90.65
2011-03-01,others,0.0,113.31,0.27,0.0,10684.71,9.23,0.0,0.0,0.0,113.58
2011-03-01,renewables,2.01,14.94,0.24,0.0,1432.88,1.79,200.82,0.0,0.09,15.18
2011-04-01,fossil fuels,4.55,170.01,10.7,1.77,17540.79,10.42,193901.19,6761.77,0.89,180.71
2011-04-01,others,0.0,119.96,1.0,0.0,11275.71,10.38,0.0,0.0,0.0,120.96
2011-04-01,renewables,2.0,32.93,3.55,0.0,3255.94,1.74,461.45,23.49,0.1,36.48
2011-05-01,fossil fuels,4.04,311.35,19.36,3.57,32850.6,9.35,335524.1,11227.19,0.84,330.71
2011-05-01,others,0.0,228.62,1.17,0.0,21702.98,7.82,0.0,0.0,0.0,229.79
2011-05-01,renewables,1.18,31.19,7.77,0.0,3054.69,1.87,313.97,0.0,0.06,38.96
2011-06-01,fossil fuels,3.5,196.64,3.19,1.22,20193.35,9.15,185001.22,2456.31,1.09,199.83
2011-06-01,others,0.0,147.48,0.69,0.0,13964.08,9.42,0.0,0.0,0.0,148.17
2011-06-01,renewables,1.65,18.14,3.97,0.0,1788.59,2.11,250.96,0.0,0.06,22.12
2011-07-01,fossil fuels,3.74,161.5,6.64,0.0,16850.5,9.67,147471.63,12.21,1.26,168.15
2011-07-01,others,0.0,129.31,0.82,0.0,12274.26,7.98,0.0,0.0,0.0,130.12
2011-07-01,renewables,2.36,21.26,3.05,0.0,2056.2,2.67,257.65,0.0,0.09,24.32
2011-08-01,fossil fuels,2.48,142.08,0.86,0.0,15202.32,6.41,135763.67,3011.46,0.91,142.94
2011-08-01,others,0.0,187.2,0.15,0.0,17741.21,8.73,0.0,0.0,0.0,187.35
2011-08-01,renewables,1.08,19.49,0.2,0.0,1849.95,1.84,115.24,0.0,0.06,19.69
2011-09-01,fossil fuels,4.12,250.15,7.73,1.65,26121.35,10.07,275248.8,6050.59,1.25,257.88
2011-09-01,others,0.0,206.01,0.54,0.0,19581.11,5.59,0.0,0.0,0.0,206.55
2011-09-01,renewables,2.0,20.32,2.01,0.18,1918.81,2.14,273.44,11.57,0.1,22.33
2011-10-01,fossil fuels,2.64,12.81,6.11,1.0,1577.49,9.16,20333.11,305.54,1.23,18.91
2011-10-01,others,0.0,6.25,2.46,0.0,482.12,4.97,0.0,0.0,0.0,8.71
2011-10-01,renewables,1.37,12.01,5.2,0.0,1202.51,2.18,389.87,0.0,0.07,17.22
2011-11-01,fossil fuels,3.98,70.79,6.79,0.72,7956.62,9.01,85026.75,2043.93,1.01,77.58
2011-11-01,others,0.0,170.74,0.7,0.0,16187.38,9.83,0.0,0.0,0.0,171.44
2011-11-01,renewables,2.04,18.7,1.91,0.0,1809.34,2.24,426.77,0.0,0.09,20.61
2011-12-01,fossil fuels,4.33,212.04,7.27,2.69,22047.89,12.14,236367.35,6547.41,1.36,219.31
2011-12-01,others,0.0,192.98,0.84,0.0,18282.09,6.32,0.0,0.0,0.0,193.82
2011-12-01,renewables,1.83,26.67,4.04,0.0,2538.49,2.04,346.4,0.0,0.1,30.71
2012-01-01,fossil fuels,4.29,193.56,9.83,3.07,21125.18,10.12,205255.42,6865.4,1.24,203.39
2012-01-01,others,0.0,307.22,1.0,0.0,29205.68,3.54,0.0,0.0,0.0,308.22
2012-01-01,renewables,0.73,30.13,3.12,0.37,2955.6,1.75,193.73,0.0,0.05,33.25
2012-02-01,fossil fuels,2.48,130.54,4.98,1.24,14138.46,8.08,141645.87,1221.42,0.99,135.52
2012-02-01,others,0.0,137.0,0.63,0.0,12980.08,8.61,0.0,0.0,0.0,137.64
2012-02-01,renewables,0.79,13.03,0.45,0.0,1263.56,1.87,171.3,0.0,0.03,13.48
2012-03-01,fossil fuels,4.16,154.54,2.29,0.89,15552.2,11.13,172263.5,5741.14,1.63,156.83
2012-03-01,others,0.0,4.25,0.35,0.0,248.03,18.52,0.0,0.0,0.0,4.6
2012-03-01,renewables,0.0,37.01,4.08,0.0,3763.81,1.52,0.0,0.0,0.0,41.09
2012-04-01,fossil fuels,4.06,181.56,12.03,1.52,19736.74,10.25,201461.69,6958.51,1.12,193.6
2012-04-01,others,0.0,178.57,0.74,0.0,16964.73,6.78,0.0,0.0,0.0,179.31
2012-04-01,renewables,1.27,16.32,3.24,0.25,1578.46,2.16,76.88,0.0,0.04,19.56
2012-05-01,fossil fuels,2.29,145.18,3.61,0.41,15276.23,8.51,146632.1,5572.67,0.97,148.8
2012-05-01,others,0.0,111.4,0.64,0.0,10518.63,9.68,0.0,0.0,0.0,112.04
2012-05-01,renewables,0.94,20.16,1.97,0.0,2013.41,1.66,49.93,0.0,0.02,22.12
2012-06-01,fossil fuels,4.34,261.72,9.5,1.16,27430.93,10.31,249201.19,7965.08,1.14,271.22
2012-06-01,others,0.0,220.98,0.77,0.0,20910.93,5.84,0.0,0.0,0.0,221.76
2012-06-01,renewables,1.23,23.23,3.02,0.14,2263.98,1.96,145.91,12.14,0.07,26.25
2012-07-01,fossil fuels,2.89,214.98,5.48,0.97,22680.98,9.89,190795.79,4403.41,1.2,220.46
2012-07-01,others,0.0,201.24,0.36,0.0,19072.19,7.93,0.0,0.0,0.0,201.6
2012-07-01,renewables,1.36,23.09,3.21,0.15,2284.3,1.99,193.92,0.0,0.06,26.31
2012-08-01,fossil fuels,2.16,19.86,4.85,0.7,1965.29,10.59,19697.09,82.71,1.32,24.72
2012-08-01,others,0.0,3.51,0.46,0.0,201.54,17.66,0.0,0.0,0.0,3.97
2012-08-01,renewables,0.0,1.64,2.22,0.0,154.98,1.01,0.0,0.0,0.0,3.85
2012-09-01,fossil fuels,2.63,188.59,6.83,2.45,18878.59,11.2,195898.4,9872.42,1.42,195.42
2012-09-01,others,0.0,7.03,2.01,0.0,513.7,9.95,0.0,0.0,0.0,9.04
2012-09-01,renewables,2.37,18.75,7.88,0.43,1850.76,2.49,261.77,27.4,0.13,26.63
2012-10-01,fossil fuels,3.42,182.13,10.97,2.02,19359.21,10.75,196968.65,5904.66,1.15,193.1
2012-10-01,others,0.0,209.89,0.55,0.0,20005.02,5.5,0.0,0.0,0.0,210.44
2012-10-01,renewables,2.75,21.29,4.75,0.24,2118.96,2.57,342.85,15.17,0.09,26.04
2012-11-01,fossil fuels,1.29,34.92,10.05,1.32,3723.07,9.22,38596.46,549.55,1.44,44.97
2012-11-01,others,0.0,2.44,1.18,0.0,225.6,9.94,0.0,0.0,0.0,3.62
2012-11-01,renewables,2.03,9.68,7.05,0.0,1008.5,2.71,302.13,0.0,0.08,16.73
2012-12-01,fossil fuels,2.84,141.07,15.84,2.9,16400.49,8.68,144196.64,2677.49,1.2,156.92
2012-12-01,others,0.0,222.82,1.05,0.0,21072.61,6.0,0.0,0.0,0.0,223.86
2012-12-01,renewables,1.21,24.35,5.28,0.0,2400.99,1.98,237.0,0.0,0.04,29.63
2013-01-01,fossil fuels,2.81,139.29,6.12,3.41,14167.02,10.83,128363.7,4021.75,1.53,145.41
2013-01-01,others,0.0,58.64,1.04,0.0,5545.9,8.42,0.0,0.0,0.0,59.68
2013-01-01,renewables,1.55,27.02,8.79,0.0,2764.25,2.17,187.16,0.0,0.04,35.81
2013-02-01,fossil fuels,3.41,213.67,6.28,1.58,23389.76,9.58,204908.46,6660.75,1.26,219.95
2013-02-01,others,0.0,244.17,0.36,0.0,23258.98,6.42,0.0,0.0,0.0,244.53
2013-02-01,renewables,1.53,23.85,3.17,0.03,2354.09,1.74,189.43,0.0,0.05,27.02
2013-03-01,fossil fuels,3.53,156.53,5.79,1.76,16107.18,10.68,149859.11,4530.94,1.03,162.32
2013-03-01,others,0.0,112.96,0.29,0.0,10685.17,9.28,0.0,0.0,0.0,113.26
2013-03-01,renewables,1.61,26.87,4.66,0.0,2660.08,1.49,391.4,0.0,0.06,31.53
2013-04-01,fossil fuels,3.74,136.72,9.71,1.5,14229.47,11.43,143583.97,3012.67,1.1,146.43
2013-04-01,others,0.0,203.48,1.29,0.0,19295.38,7.02,0.0,0.0,0.0,204.77
2013-04-01,renewables,1.01,31.89,4.92,0.0,3225.58,1.57,60.3,0.0,0.04,36.8
2013-05-01,fossil fuels,5.0,317.14,12.59,1.33,33427.46,10.1,332231.95,11334.5,0.93,329.73
2013-05-01,others,0.0,245.3,0.31,0.0,23347.39,7.01,0.0,0.0,0.0,245.61
2013-05-01,renewables,0.78,25.03,6.17,0.0,2396.57,1.54,223.57,0.0,0.02,31.2
2013-06-01,fossil fuels,3.41,224.76,4.65,2.78,23253.18,10.45,205317.99,3570.11,1.27,229.41
2013-06-01,others,0.0,198.12,0.66,0.0,18843.0,6.13,0.0,0.0,0.0,198.78
2013-06-01,renewables,1.82,26.71,3.85,0.0,2697.06,1.75,205.25,0.0,0.05,30.56
2013-07-01,fossil fuels,1.73,128.44,0.67,0.08,13481.64,8.94,112291.9,2107.97,0.94,129.12
2013-07-01,others,0.0,187.65,0.0,0.0,17821.62,13.67,0.0,0.0,0.0,187.65
2013-07-01,renewables,0.79,12.6,3.75,0.0,1217.57,1.61,4.05,0.0,0.01,16.34
2013-08-01,fossil fuels,1.45,226.98,11.84,2.42,24235.93,8.63,214203.9,5630.04,0.65,238.82
2013-08-01,others,0.0,191.43,0.84,0.0,18180.13,13.18,0.0,0.0,0.0,192.26
2013-08-01,renewables,0.87,19.63,3.89,0.0,1937.28,1.16,207.19,0.0,0.03,23.52
2013-09-01,fossil fuels,2.61,59.26,1.76,0.0,6016.94,11.52,59761.78,744.86,0.98,61.02
2013-09-01,others,0.0,0.86,0.71,0.0,67.24,18.17,0.0,0.0,0.0,1.57
2013-09-01,renewables,3.52,19.62,1.75,0.0,1935.46,1.74,298.72,0.0,0.08,21.37
2013-10-01,fossil fuels,0.42,86.15,4.58,0.28,11025.44,7.04,85092.68,0.0,1.1,90.73
2013-10-01,others,0.0,331.88,0.81,0.0,31785.44,0.97,0.0,0.0,0.0,332.69
2013-10-01,renewables,2.02,24.12,9.05,0.0,2420.05,2.15,9.92,0.0,0.03,33.17
2013-11-01,fossil fuels,2.23,105.29,10.86,1.66,12159.48,10.95,105377.95,151.02,1.11,116.15
2013-11-01,others,0.0,232.34,1.18,0.0,22070.14,6.93,0.0,0.0,0.0,233.52
2013-11-01,renewables,2.36,8.1,4.95,0.0,799.34,1.78,100.37,0.0,0.05,13.05
2013-12-01,fossil fuels,3.28,98.87,9.62,1.54,10513.99,10.51,91892.25,2147.6,1.1,108.5
2013-12-01,others,0.0,85.19,0.51,0.0,8094.63,8.73,0.0,0.0,0.0,85.7
2013-12-01,renewables,1.14,7.12,4.02,0.03,712.3,1.88,41.82,0.0,0.02,11.14
2014-01-01,fossil fuels,2.37,169.66,7.51,6.19,17902.99,7.99,146993.17,11803.7,0.64,177.17
2014-01-01,others,0.0,255.64,0.3,0.0,24422.16,4.57,0.0,0.0,0.0,255.95
2014-01-01,renewables,1.65,17.32,1.52,0.3,1733.47,1.6,202.08,26.58,0.06,18.84
2014-02-01,fossil fuels,2.93,179.97,7.44,6.1,19289.51,9.07,157552.27,11282.2,0.8,187.4
2014-02-01,others,0.0,380.98,0.12,0.0,36356.63,4.59,0.0,0.0,0.0,381.1
2014-02-01,renewables,0.53,21.06,2.26,0.65,2057.59,1.59,94.36,43.45,0.02,23.32
2014-03-01,fossil fuels,3.23,172.36,3.67,4.34,18112.41,8.78,167525.94,11938.0,0.72,176.03
2014-03-01,others,0.0,156.49,0.36,0.0,14934.54,6.84,0.0,0.0,0.0,156.85
2014-03-01,renewables,0.0,23.21,0.34,0.0,2266.48,1.18,0.0,0.0,0.0,23.55
2014-04-01,fossil fuels,2.14,182.82,7.45,5.26,19834.32,9.76,203082.21,16975.28,0.91,190.26
2014-04-01,others,0.0,181.22,0.73,0.0,17183.5,6.65,0.0,0.0,0.0,181.95
2014-04-01,renewables,1.94,31.83,5.11,0.62,3244.7,1.62,210.67,28.92,0.06,36.94
2014-05-01,fossil fuels,1.88,44.84,0.69,4.36,5138.32,8.6,44943.36,3565.42,0.91,45.53
2014-05-01,others,0.0,140.79,0.2,0.0,13334.82,7.65,0.0,0.0,0.0,140.99
2014-05-01,renewables,1.5,19.32,1.28,0.53,1986.35,1.44,223.59,36.6,0.06,20.59
2014-06-01,fossil fuels,2.43,109.94,3.0,4.49,11405.42,9.42,104466.12,10178.09,0.87,112.94
2014-06-01,others,0.0,78.42,0.61,0.0,7383.91,9.32,0.0,0.0,0.0,79.03
2014-06-01,renewables,1.73,15.0,3.47,0.21,1550.16,1.5,138.41,9.64,0.05,18.47
2014-07-01,fossil fuels,2.34,142.0,7.54,5.67,15989.25,8.92,134562.29,7772.85,1.05,149.54
2014-07-01,others,0.0,279.46,0.17,0.0,26611.0,6.89,0.0,0.0,0.0,279.64
2014-07-01,renewables,2.6,21.34,1.37,0.7,2094.7,1.64,376.0,53.46,0.09,22.71
2014-08-01,fossil fuels,2.36,91.97,5.7,3.77,9465.17,9.9,88919.11,6916.42,0.92,97.67
2014-08-01,others,0.0,1.85,0.62,0.0,148.72,10.06,0.0,0.0,0.0,2.47
2014-08-01,renewables,1.41,6.87,3.92,0.24,748.06,1.57,151.88,20.78,0.04,10.79
2014-09-01,fossil fuels,1.35,33.43,10.11,4.62,4275.49,9.42,34783.27,2579.11,0.9,43.54
2014-09-01,others,0.0,86.72,0.19,0.0,8198.29,9.87,0.0,0.0,0.0,86.91
2014-09-01,renewables,0.0,6.37,2.72,0.0,644.28,1.55,0.0,0.0,0.0,9.09
2014-10-01,fossil fuels,4.33,155.15,4.92,4.6,15906.51,10.86,183729.93,18294.43,0.99,160.07
2014-10-01,others,0.0,0.27,0.75,0.0,33.07,13.91,0.0,0.0,0.0,1.02
2014-10-01,renewables,2.33,33.12,5.08,0.36,3425.65,1.46,238.5,53.47,0.07,38.2
2014-11-01,fossil fuels,3.16,134.77,5.47,4.81,14021.62,10.81,145060.59,15817.09,1.09,140.24
2014-11-01,others,0.0,142.5,0.91,0.0,13453.45,5.62,0.0,0.0,0.0,143.41
2014-11-01,renewables,1.58,33.19,5.37,0.25,3418.6,1.42,130.51,40.18,0.05,38.56
2014-12-01,fossil fuels,2.98,137.44,5.1,5.42,15096.58,9.15,147249.53,13249.7,1.3,142.54
2014-12-01,others,0.0,156.68,0.69,0.0,14897.79,9.51,0.0,0.0,0.0,157.37
2014-12-01,renewables,1.4,16.19,4.57,0.25,1648.92,1.93,40.49,10.24,0.03,20.76
2015-01-01,fossil fuels,3.27,179.48,6.37,3.9,18384.28,9.62,178645.62,21328.87,1.06,185.85
2015-01-01,others,0.0,2.79,0.48,0.0,162.6,13.34,0.0,0.0,0.0,3.26
2015-01-01,renewables,1.49,17.79,5.45,0.05,1858.38,1.43,146.94,32.94,0.05,23.24
2015-02-01,fossil fuels,3.64,233.74,6.38,4.74,24239.29,13.04,199896.35,23384.79,1.11,240.12
2015-02-01,others,0.0,336.2,0.0,0.0,31960.92,6.76,0.0,0.0,0.0,336.2
2015-02-01,renewables,0.0,19.48,0.28,0.0,1925.48,0.83,0.0,0.0,0.0,19.76
2015-03-01,fossil fuels,3.04,91.11,2.03,3.83,10177.41,8.72,92076.54,8485.58,1.02,93.14
2015-03-01,others,0.0,171.66,0.13,0.0,16211.64,9.11,0.0,0.0,0.0,171.79
2015-03-01,renewables,1.91,21.72,1.8,0.06,2279.1,1.54,135.73,18.42,0.05,23.51
2015-04-01,fossil fuels,3.91,213.08,13.01,3.8,23291.56,9.7,248110.57,27149.44,0.96,226.1
2015-04-01,others,0.0,322.17,0.91,0.0,30642.42,3.0,0.0,0.0,0.0,323.07
2015-04-01,renewables,0.88,26.28,4.06,0.03,2846.6,1.54,105.87,24.17,0.03,30.34
2015-05-01,fossil fuels,2.39,119.1,1.26,3.19,12350.71,8.83,128509.11,16426.11,0.88,120.37
2015-05-01,others,0.0,140.33,0.13,0.0,13316.36,9.55,0.0,0.0,0.0,140.47
2015-05-01,renewables,1.56,17.77,3.15,0.04,1875.5,1.73,122.0,24.28,0.04,20.92
2015-06-01,fossil fuels,2.57,58.59,6.96,3.77,6708.83,11.01,55958.89,4947.69,1.14,65.56
2015-06-01,others,0.0,182.8,0.6,0.0,17355.95,5.32,0.0,0.0,0.0,183.4
2015-06-01,renewables,1.68,10.28,4.33,0.06,1034.07,2.02,125.69,38.68,0.04,14.61
2015-07-01,fossil fuels,3.94,160.33,9.36,2.98,16637.46,10.22,144888.87,14360.05,1.03,169.69
2015-07-01,others,0.0,2.74,1.05,0.0,261.55,8.3,0.0,0.0,0.0,3.78
2015-07-01,renewables,1.09,8.51,4.82,0.03,899.86,1.57,67.08,19.73,0.03,13.33
2015-08-01,fossil fuels,1.83,120.46,7.12,3.69,14088.92,9.06,116522.62,7939.46,0.75,127.59
2015-08-01,others,0.0,309.16,0.9,0.0,29378.68,8.15,0.0,0.0,0.0,310.06
2015-08-01,renewables,1.9,38.01,4.41,0.07,4009.44,1.71,344.99,57.35,0.08,42.43
2015-09-01,fossil fuels,3.56,215.66,12.69,3.61,23551.51,10.89,225364.3,19251.31,1.18,228.35
2015-09-01,others,0.0,151.44,0.86,0.0,14367.28,4.45,0.0,0.0,0.0,152.31
2015-09-01,renewables,1.47,16.48,4.72,0.07,1685.77,1.82,128.33,28.21,0.04,21.2
2015-10-01,fossil fuels,2.17,87.34,5.36,2.32,9762.24,8.32,97949.13,9426.19,0.77,92.7
2015-10-01,others,0.0,139.37,0.4,0.0,13309.66,7.95,0.0,0.0,0.0,139.76
2015-10-01,renewables,0.86,8.92,2.91,0.02,957.45,1.4,50.8,12.8,0.02,11.83
2015-11-01,fossil fuels,2.35,177.96,4.85,3.85,20332.92,7.56,195271.37,20837.44,0.71,182.81
2015-11-01,others,0.0,159.41,0.39,0.0,15048.75,7.09,0.0,0.0,0.0,159.8
2015-11-01,renewables,3.04,24.93,0.45,0.19,2563.97,2.33,282.05,83.13,0.12,25.38
2015-12-01,fossil fuels,2.4,139.77,4.81,2.8,15809.56,9.66,150799.83,18549.64,1.11,144.58
2015-12-01,others,0.0,202.94,0.54,0.0,19272.75,6.06,0.0,0.0,0.0,203.47
2015-12-01,renewables,1.27,26.03,2.96,0.08,2702.96,1.53,122.37,50.08,0.05,28.99
2016-01-01,fossil fuels,4.24,208.05,10.98,2.86,24498.18,10.91,195101.95,17401.96,1.31,219.02
2016-01-01,others,0.0,305.5,0.58,0.0,29005.53,6.15,0.0,0.0,0.0,306.08
2016-01-01,renewables,0.66,23.56,3.83,0.04,2429.08,1.79,109.25,23.3,0.03,27.39
2016-02-01,fossil fuels,1.56,63.46,2.68,1.49,7105.55,8.17,61145.04,9284.73,0.49,66.13
2016-02-01,others,0.0,112.49,0.64,0.0,10637.3,9.37,0.0,0.0,0.0,113.13
2016-02-01,renewables,0.87,18.26,0.36,0.05,1911.84,1.33,139.48,20.09,0.03,18.62
2016-03-01,fossil fuels,3.39,145.98,2.97,2.42,16162.01,10.52,160930.45,22729.86,1.06,148.95
2016-03-01,others,0.0,278.62,0.0,0.0,26562.84,4.58,0.0,0.0,0.0,278.62
2016-03-01,renewables,0.73,26.82,0.36,0.04,2816.38,1.32,87.74,16.43,0.03,27.19
2016-04-01,fossil fuels,2.84,68.13,6.44,2.72,7711.31,10.69,71135.25,10290.63,1.19,74.57
2016-04-01,others,0.0,85.73,0.58,0.0,8090.63,9.59,0.0,0.0,0.0,86.31
2016-04-01,renewables,0.5,7.74,3.82,0.03,837.17,1.75,19.91,7.54,0.01,11.55
2016-05-01,fossil fuels,2.42,98.53,2.64,2.63,10471.64,9.43,99300.4,16433.72,0.63,101.17
2016-05-01,others,0.0,77.02,0.37,0.0,7348.8,10.71,0.0,0.0,0.0,77.39
2016-05-01,renewables,0.67,12.73,2.68,0.02,1316.34,1.59,102.77,19.61,0.03,15.41
2016-06-01,fossil fuels,2.43,103.83,12.1,3.12,10838.85,10.97,94946.25,15074.42,0.71,115.93
2016-06-01,others,0.0,4.07,0.9,0.0,314.49,12.44,0.0,0.0,0.0,4.98
2016-06-01,renewables,1.17,18.97,4.5,0.03,2091.19,1.77,130.35,16.42,0.04,23.47
2016-07-01,fossil fuels,2.87,243.54,6.07,3.62,26515.25,11.6,216740.64,19254.92,0.8,249.61
2016-07-01,others,0.0,258.9,0.65,0.0,24616.1,8.81,0.0,0.0,0.0,259.54
2016-07-01,renewables,1.07,26.18,3.61,0.03,2868.2,1.6,178.0,24.32,0.05,29.79
2016-08-01,fossil fuels,1.71,84.11,5.73,3.18,9795.14,10.21,76792.85,3906.33,1.17,89.84
2016-08-01,others,0.0,178.22,0.81,0.0,17051.02,1.17,0.0,0.0,0.0,179.03
2016-08-01,renewables,0.97,17.76,2.16,0.03,1857.66,1.48,124.86,14.88,0.06,19.93
2016-09-01,fossil fuels,3.11,141.68,3.0,2.98,15513.86,10.15,138860.48,13015.4,1.02,144.68
2016-09-01,others,0.0,157.54,0.3,0.0,14960.24,8.97,0.0,0.0,0.0,157.84
2016-09-01,renewables,1.42,18.44,1.41,0.05,1931.66,1.84,143.94,21.24,0.06,19.85
2016-10-01,fossil fuels,3.81,82.94,6.43,2.86,8381.4,9.61,94478.48,13460.82,0.97,89.36
2016-10-01,others,0.0,0.99,0.76,0.0,57.39,14.04,0.0,0.0,0.0,1.75
2016-10-01,renewables,2.11,20.91,1.97,0.06,2218.39,2.22,163.85,39.5,0.1,22.88
2016-11-01,fossil fuels,2.31,23.91,1.14,1.82,2784.91,9.04,26828.39,2840.2,0.78,25.05
2016-11-01,others,0.0,339.57,0.0,0.0,32450.41,10.43,0.0,0.0,0.0,339.57
2016-11-01,renewables,1.45,8.83,5.49,0.04,1043.62,1.99,183.2,40.4,0.05,14.32
2016-12-01,fossil fuels,1.85,171.72,11.92,3.12,19321.32,9.95,155265.47,16120.3,0.92,183.64
2016-12-01,others,0.0,252.39,0.24,0.0,24055.26,9.15,0.0,0.0,0.0,252.64
2016-12-01,renewables,1.07,34.23,5.43,0.03,3600.78,1.77,160.27,21.6,0.05,39.66
2017-01-01,fossil fuels,3.83,138.33,10.43,3.73,14611.55,11.13,135688.4,17373.05,0.89,148.76
2017-01-01,others,0.0,65.73,1.13,0.0,6144.93,11.85,0.0,0.0,0.0,66.86
2017-01-01,renewables,1.34,27.28,3.39,0.04,2940.82,1.73,163.71,23.75,0.08,30.67
2017-02-01,fossil fuels,2.47,91.3,15.1,3.44,10452.0,11.3,102574.33,12674.84,0.8,106.4
2017-02-01,others,0.0,140.16,1.18,0.0,13192.42,7.07,0.0,0.0,0.0,141.33
2017-02-01,renewables,1.65,30.47,5.29,0.05,3385.62,1.79,285.09,33.93,0.07,35.76
2017-03-01,fossil fuels,3.18,193.62,10.56,4.0,21286.9,11.74,202315.83,25214.84,0.85,204.18
2017-03-01,others,0.0,217.97,0.55,0.0,20789.42,5.2,0.0,0.0,0.0,218.52
2017-03-01,renewables,0.9,33.13,4.44,0.04,3594.46,1.61,152.49,19.26,0.04,37.56
2017-04-01,fossil fuels,2.71,64.68,2.66,3.99,7355.02,11.88,63881.79,8213.97,0.99,67.34
2017-04-01,others,0.0,177.98,0.15,0.0,16856.87,7.95,0.0,0.0,0.0,178.13
2017-04-01,renewables,0.86,31.53,1.61,0.06,3336.33,1.76,44.13,0.21,0.04,33.14
2017-05-01,fossil fuels,3.28,132.94,9.06,3.19,14697.55,10.55,132225.73,16730.14,1.01,142.01
2017-05-01,others,0.0,227.96,0.47,0.0,21625.02,7.28,0.0,0.0,0.0,228.42
2017-05-01,renewables,1.43,49.56,3.04,0.04,5412.13,1.65,168.83,23.89,0.07,52.6
2017-06-01,fossil fuels,1.63,39.37,3.71,2.78,4105.74,8.57,34896.13,6783.48,0.58,43.09
2017-06-01,others,0.0,0.72,1.01,0.0,73.44,17.08,0.0,0.0,0.0,1.72
2017-06-01,renewables,1.17,30.24,6.58,0.03,3678.72,1.58,192.16,47.9,0.05,36.81
2017-07-01,fossil fuels,6.86,732.9,8.63,3.39,78435.15,12.85,656198.56,59446.55,1.38,741.53
2017-07-01,others,0.0,378.38,0.55,0.0,35964.42,6.67,0.0,0.0,0.0,378.93
2017-07-01,renewables,0.0,39.05,5.36,0.0,3942.69,2.16,0.0,8.45,0.0,44.41
2017-08-01,fossil fuels,2.36,109.47,6.62,3.3,13000.34,9.11,103416.13,6605.83,1.11,116.09
2017-08-01,others,0.0,219.98,0.37,0.0,20917.54,5.53,0.0,0.0,0.0,220.35
2017-08-01,renewables,1.27,17.52,1.5,0.04,1836.26,1.68,170.88,13.28,0.04,19.02
2017-09-01,fossil fuels,4.15,161.34,20.85,4.37,18271.18,10.68,163704.39,14729.25,0.76,182.2
2017-09-01,others,0.0,174.95,0.46,0.0,16551.57,6.69,0.0,0.0,0.0,175.4
2017-09-01,renewables,0.0,12.83,4.1,0.0,1299.11,2.73,0.0,0.0,0.0,16.93
2017-10-01,fossil fuels,1.67,77.21,9.57,2.73,8827.6,7.82,73654.6,6997.91,0.4,86.78
2017-10-01,others,0.0,67.22,0.13,0.0,6324.68,14.41,0.0,0.0,0.0,67.35
2017-10-01,renewables,0.62,23.19,1.47,0.02,2536.88,1.72,82.46,11.58,0.03,24.66
2017-11-01,fossil fuels,4.86,195.29,5.63,3.44,24123.81,11.23,204420.6,8475.27,1.11,200.92
2017-11-01,others,0.0,434.8,0.23,0.0,41473.16,3.3,0.0,0.0,0.0,435.03
2017-11-01,renewables,3.62,23.09,4.21,0.11,2269.37,3.15,271.19,38.88,0.13,27.3
2017-12-01,fossil fuels,2.65,124.84,7.5,4.36,14237.68,10.33,115041.57,10988.8,0.97,132.34
2017-12-01,others,0.0,276.6,0.4,0.0,26284.18,7.8,0.0,0.0,0.0,277.0
2017-12-01,renewables,1.61,31.03,3.6,0.07,3227.43,2.32,198.76,19.55,0.07,34.63
2018-01-01,fossil fuels,3.16,80.55,7.3,2.65,8332.28,9.57,66028.16,8185.3,0.69,87.86
2018-01-01,others,0.0,8.77,1.95,0.0,596.53,10.76,0.0,0.0,0.0,10.73
2018-01-01,renewables,0.92,21.47,2.36,0.03,2427.02,1.27,196.55,9.77,0.04,23.83
2018-02-01,fossil fuels,3.05,108.4,9.2,3.06,12339.13,10.59,111329.54,9797.99,0.79,117.6
2018-02-01,others,0.0,227.37,0.67,0.0,21734.24,5.29,0.0,0.0,0.0,228.03
2018-02-01,renewables,0.77,14.28,5.35,0.03,1665.24,1.91,125.36,11.36,0.03,19.63
2018-03-01,fossil fuels,3.99,156.8,12.2,2.48,17518.02,10.26,178373.97,16358.83,0.82,169.01
2018-03-01,others,0.0,207.22,0.3,0.0,19793.88,8.31,0.0,0.0,0.0,207.52
2018-03-01,renewables,0.83,18.96,4.08,0.03,2144.07,1.39,157.02,17.3,0.03,23.04
2018-04-01,fossil fuels,1.58,58.83,6.27,3.08,7104.93,9.69,61924.82,5189.48,0.67,65.1
2018-04-01,others,0.0,186.0,0.24,0.0,17713.1,9.13,0.0,0.0,0.0,186.24
2018-04-01,renewables,1.4,17.74,2.38,0.06,2059.4,1.87,101.35,15.15,0.04,20.12
2018-05-01,fossil fuels,3.88,225.14,3.36,4.69,23362.21,14.21,232570.34,29789.83,0.88,228.5
2018-05-01,others,0.0,4.09,1.16,0.0,408.88,1.95,0.0,0.0,0.0,5.26
2018-05-01,renewables,1.44,32.42,3.19,0.06,3483.91,1.31,88.49,29.07,0.06,35.62
2018-06-01,fossil fuels,1.82,61.49,7.4,3.65,6833.06,9.94,56195.58,6265.05,0.89,68.89
2018-06-01,others,0.0,79.16,0.29,0.0,7479.43,7.65,0.0,0.0,0.0,79.44
2018-06-01,renewables,1.63,25.7,1.38,0.07,2765.1,1.85,117.33,2.96,0.06,27.07
2018-07-01,fossil fuels,2.45,166.67,9.12,2.6,18843.64,9.14,154911.4,8887.03,0.7,175.79
2018-07-01,others,0.0,297.19,0.27,0.0,28346.2,2.97,0.0,0.0,0.0,297.45
2018-07-01,renewables,1.63,20.73,2.08,0.07,2213.53,1.7,199.11,17.04,0.06,22.8
2018-08-01,fossil fuels,2.39,153.11,8.66,3.67,16854.79,9.72,142420.34,10171.59,0.71,161.77
2018-08-01,others,0.0,129.32,0.83,0.0,12279.46,14.1,0.0,0.0,0.0,130.15
2018-08-01,renewables,1.47,28.44,2.98,0.06,3217.13,1.53,201.11,29.17,0.06,31.42
2018-09-01,fossil fuels,1.41,142.34,7.27,3.53,17081.72,10.47,133415.14,6154.87,1.15,149.61
2018-09-01,others,0.0,175.09,0.51,0.0,16632.33,9.37,0.0,0.0,0.0,175.6
2018-09-01,renewables,2.0,34.63,2.65,0.09,3657.94,2.18,287.21,35.96,0.09,37.28
2018-10-01,fossil fuels,3.24,202.23,9.9,4.72,22925.94,11.19,214677.64,14937.52,1.01,212.13
2018-10-01,others,0.0,211.29,0.48,0.0,20067.54,5.32,0.0,0.0,0.0,211.77
2018-10-01,renewables,0.0,27.16,5.08,0.0,2890.91,1.66,0.0,3.26,0.0,32.24
2018-11-01,fossil fuels,2.99,179.36,10.78,4.48,20127.41,10.95,180780.04,14561.69,1.13,190.15
2018-11-01,others,0.0,198.52,0.68,0.0,18859.86,5.48,0.0,0.0,0.0,199.2
2018-11-01,renewables,1.2,33.15,4.93,0.04,3661.46,1.65,217.04,23.47,0.06,38.08
2018-12-01,fossil fuels,2.92,203.57,2.83,4.45,22814.83,10.48,201066.73,15378.97,1.04,206.39
2018-12-01,others,0.0,228.2,0.23,0.0,21711.3,6.34,0.0,0.0,0.0,228.43
2018-12-01,renewables,0.87,28.16,1.85,0.05,2965.63,1.7,89.46,18.11,0.05,30.01
2019-01-01,fossil fuels,2.22,135.74,9.4,3.01,14308.32,9.98,135731.88,13429.62,0.58,145.14
2019-01-01,others,0.0,1.04,0.87,0.0,56.93,14.45,0.0,0.0,0.0,1.91
2019-01-01,renewables,1.64,29.2,2.46,0.06,3384.11,1.63,275.91,30.91,0.08,31.66
2019-02-01,fossil fuels,2.52,77.35,5.51,4.18,8818.93,10.1,75093.87,7303.75,0.81,82.86
2019-02-01,others,0.0,126.33,0.64,0.0,11995.09,9.72,0.0,0.0,0.0,126.97
2019-02-01,renewables,1.33,26.14,1.9,0.06,2949.2,1.63,126.85,14.93,0.05,28.05
2019-03-01,fossil fuels,2.23,81.59,9.83,4.32,9225.17,8.92,83543.53,7004.47,0.68,91.43
2019-03-01,others,0.0,173.64,0.86,0.0,16532.69,8.1,0.0,0.0,0.0,174.5
2019-03-01,renewables,0.82,16.8,1.94,0.02,1886.52,1.31,102.8,2.57,0.05,18.74
2019-04-01,fossil fuels,2.56,55.3,7.44,3.59,6699.21,8.56,63542.35,4337.5,0.67,62.73
2019-04-01,others,0.0,72.35,0.35,0.0,6874.9,9.58,0.0,0.0,0.0,72.69
2019-04-01,renewables,0.47,14.94,1.48,0.03,1629.14,1.47,29.51,8.53,0.02,16.42
2019-05-01,fossil fuels,3.66,79.33,9.25,4.64,8960.6,10.78,94373.79,8863.75,0.73,88.59
2019-05-01,others,0.0,114.85,0.72,0.0,10873.03,5.06,0.0,0.0,0.0,115.56
2019-05-01,renewables,0.98,24.52,3.55,0.03,2844.62,1.72,98.34,25.52,0.04,28.07
2019-06-01,fossil fuels,2.32,38.78,0.44,3.41,3665.96,11.47,39163.91,8328.12,0.87,39.21
2019-06-01,others,0.0,6.14,0.53,0.0,361.61,21.8,0.0,0.0,0.0,6.67
2019-06-01,renewables,2.11,48.33,2.23,0.06,5559.92,1.19,323.48,58.84,0.08,50.55
2019-07-01,fossil fuels,2.22,149.64,8.99,3.23,18132.76,6.86,144605.99,5836.62,0.69,158.63
2019-07-01,others,0.0,161.04,0.41,0.0,15297.56,10.38,0.0,0.0,0.0,161.45
2019-07-01,renewables,1.25,28.43,0.33,0.05,3400.88,1.66,109.27,11.16,0.05,28.75
2019-08-01,fossil fuels,2.83,367.73,15.33,2.86,42217.23,9.16,368311.84,21526.58,0.74,383.06
2019-08-01,others,0.0,506.52,1.0,0.0,48344.03,2.78,0.0,0.0,0.0,507.52
2019-08-01,renewables,0.0,27.76,6.13,0.0,2986.42,1.44,0.0,3.25,0.0,33.89
2019-09-01,fossil fuels,2.78,144.79,6.88,4.27,16472.22,10.38,142305.52,11512.81,1.15,151.68
2019-09-01,others,0.0,135.8,0.67,0.0,12886.91,7.61,0.0,0.0,0.0,136.47
2019-09-01,renewables,0.87,35.61,2.35,0.04,3861.81,1.84,56.97,20.41,0.04,37.96
2019-10-01,fossil fuels,3.5,270.83,14.09,5.26,31190.54,9.75,298687.09,25649.79,1.04,284.92
2019-10-01,others,0.0,200.54,0.73,0.0,19109.34,6.84,0.0,0.0,0.0,201.27
2019-10-01,renewables,1.14,37.07,3.04,0.03,4071.91,2.05,107.98,20.5,0.06,40.12
2019-11-01,fossil fuels,2.59,172.5,7.69,3.23,19654.97,9.45,179727.72,17604.81,0.89,180.19
2019-11-01,others,0.0,199.76,0.52,0.0,19012.49,8.62,0.0,0.0,0.0,200.28
2019-11-01,renewables,1.21,29.93,3.07,0.04,3342.73,1.48,125.49,21.32,0.04,32.99
2019-12-01,fossil fuels,1.57,65.05,9.54,2.95,8531.89,8.89,60351.66,1762.68,0.5,74.6
2019-12-01,others,0.0,156.71,0.94,0.0,14889.04,14.04,0.0,0.0,0.0,157.65
2019-12-01,renewables,0.0,17.3,3.44,0.0,1839.29,1.65,0.0,0.09,0.0,20.74
2020-01-01,fossil fuels,1.72,203.65,22.34,1.56,24555.63,8.48,220795.04,16531.38,0.49,226.0
2020-01-01,others,0.0,264.09,0.96,0.0,25113.0,13.11,0.0,0.0,0.0,265.05
2020-01-01,renewables,0.0,9.98,0.68,0.0,1106.33,1.05,0.0,0.12,0.0,10.66
2020-02-01,fossil fuels,3.45,148.73,10.83,2.62,17470.86,9.3,157409.1,17598.17,0.87,159.55
2020-02-01,others,0.0,176.41,0.72,0.0,16753.73,13.13,0.0,0.0,0.0,177.13
2020-02-01,renewables,0.66,24.3,2.33,0.04,2685.1,1.35,43.71,12.93,0.03,26.63
2020-03-01,fossil fuels,2.29,119.13,6.67,2.29,14165.53,8.13,131994.74,14924.29,0.59,125.8
2020-03-01,others,0.0,110.83,0.46,0.0,10495.35,13.04,0.0,0.0,0.0,111.29
2020-03-01,renewables,1.02,27.96,3.08,0.03,3043.24,1.45,91.53,19.76,0.03,31.03
2020-04-01,fossil fuels,2.3,60.01,8.53,2.71,7304.77,9.34,66478.12,8571.15,0.66,68.54
2020-04-01,others,0.0,100.34,0.49,0.0,9529.52,7.32,0.0,0.0,0.0,100.83
2020-04-01,renewables,1.2,24.1,3.77,0.04,2949.17,1.62,69.16,16.74,0.03,27.87
2020-05-01,fossil fuels,2.35,66.75,6.26,2.06,8122.35,7.82,69049.34,7251.31,0.49,73.01
2020-05-01,others,0.0,98.18,0.5,0.0,9336.19,8.31,0.0,0.0,0.0,98.68
2020-05-01,renewables,1.62,25.59,3.62,0.05,2829.48,1.65,66.4,25.36,0.04,29.21
2020-06-01,fossil fuels,2.09,66.79,2.59,1.37,7528.28,9.27,66022.84,9019.64,0.51,69.38
2020-06-01,others,0.0,57.65,0.42,0.0,5359.88,14.35,0.0,0.0,0.0,58.07
2020-06-01,renewables,1.0,26.83,1.83,0.03,3231.27,1.3,90.94,17.19,0.03,28.66
2020-07-01,fossil fuels,2.33,78.6,4.45,3.01,9461.86,9.19,75895.35,5498.02,0.58,83.05
2020-07-01,others,0.0,71.14,0.54,0.0,6643.77,8.36,0.0,0.0,0.0,71.68
2020-07-01,renewables,1.06,10.27,1.57,0.06,1205.88,1.59,89.62,17.44,0.04,11.84
2020-08-01,fossil fuels,1.46,214.17,14.78,3.03,25828.91,9.75,198768.59,10452.24,1.03,228.95
2020-08-01,others,0.0,247.38,0.83,0.0,23448.02,6.17,0.0,0.0,0.0,248.21
2020-08-01,renewables,1.58,36.86,3.88,0.04,4163.15,1.53,140.81,16.13,0.03,40.74
2020-09-01,fossil fuels,1.99,185.88,13.73,2.77,21308.64,10.59,190573.31,20029.09,1.03,199.61
2020-09-01,others,0.0,176.72,1.12,0.0,16788.45,6.13,0.0,0.0,0.0,177.85
2020-09-01,renewables,1.85,37.31,5.81,0.04,4694.06,1.46,254.73,42.17,0.07,43.12
2020-10-01,fossil fuels,2.35,96.15,2.84,3.27,11026.34,10.02,96629.75,11515.27,0.86,98.99
2020-10-01,others,0.0,95.62,0.46,0.0,8981.43,11.72,0.0,0.0,0.0,96.08
2020-10-01,renewables,2.24,42.86,3.1,0.05,4966.74,1.67,241.76,39.7,0.08,45.96
2020-11-01,fossil fuels,2.03,55.52,7.67,2.54,6854.94,9.01,51562.65,3771.4,0.65,63.19
2020-11-01,others,0.0,164.93,0.45,0.0,15670.07,9.37,0.0,0.0,0.0,165.37
2020-11-01,renewables,0.0,19.61,3.03,0.0,2310.47,1.5,0.0,0.0,0.0,22.64
2020-12-01,fossil fuels,2.73,142.0,7.12,4.46,17101.85,8.35,137121.76,10654.68,0.51,149.12
2020-12-01,others,0.0,202.55,0.38,0.0,19267.3,8.32,0.0,0.0,0.0,202.93
2020-12-01,renewables,0.82,24.59,2.69,0.02,2721.66,1.55,28.58,1.69,0.01,27.28
2021-01-01,fossil fuels,2.18,165.75,18.43,3.13,20226.23,8.64,160479.08,10819.18,0.61,184.18
2021-01-01,others,0.0,85.53,0.61,0.0,8200.18,12.38,0.0,0.0,0.0,86.14
2021-01-01,renewables,0.9,19.06,3.11,0.05,2539.72,1.89,113.48,17.45,0.03,22.17
2021-02-01,fossil fuels,0.0,0.0,0.0,0.0,0.0,0.0,0.0,0.0,0.0,0.0
2021-02-01,renewables,0.0,0.52,0.0,0.0,19.39,4.75,0.0,0.0,0.0,0.52
2021-03-01,fossil fuels,2.64,84.77,5.85,3.14,9945.44,10.72,89312.03,7897.57,0.8,90.61
2021-03-01,others,0.0,124.74,0.66,0.0,11834.95,8.34,0.0,0.0,0.0,125.4
2021-03-01,renewables,0.43,22.85,2.3,0.03,2672.11,1.54,57.56,9.93,0.02,25.16
2021-04-01,fossil fuels,2.01,60.84,7.61,3.23,7370.02,8.92,64150.3,5617.61,0.41,68.45
2021-04-01,others,0.0,83.65,0.34,0.0,7903.35,5.94,0.0,0.0,0.0,83.99
2021-04-01,renewables,0.52,22.82,1.75,0.03,2795.01,1.32,33.04,10.63,0.01,24.57
2021-05-01,fossil fuels,2.38,142.19,12.04,3.44,16339.53,10.02,148870.2,14839.85,0.74,154.24
2021-05-01,others,0.0,193.43,0.68,0.0,18409.6,9.68,0.0,0.0,0.0,194.1
2021-05-01,renewables,0.47,32.46,4.47,0.01,4042.24,1.28,59.54,12.86,0.02,36.93
2021-06-01,fossil fuels,2.94,198.97,10.83,4.11,23040.33,9.66,188458.48,12518.38,0.73,209.8
2021-06-01,others,0.0,233.19,0.66,0.0,22252.82,9.1,0.0,0.0,0.0,233.85
2021-06-01,renewables,0.44,28.96,4.09,0.01,3590.64,1.37,62.68,12.19,0.02,33.05
2021-07-01,fossil fuels,2.63,244.26,5.97,3.41,28125.68,7.99,219906.88,11904.97,0.63,250.23
2021-07-01,others,0.0,182.3,0.16,0.0,17357.48,14.28,0.0,0.0,0.0,182.46
2021-07-01,renewables,1.26,40.94,1.27,0.04,4505.12,1.36,174.64,19.97,0.07,42.21
2021-08-01,fossil fuels,2.2,169.57,9.07,4.73,19190.27,9.79,147493.48,8894.36,0.62,178.64
2021-08-01,others,0.0,128.12,0.54,0.0,12141.08,6.77,0.0,0.0,0.0,128.67
2021-08-01,renewables,1.08,34.4,3.85,0.03,4316.56,1.54,112.41,17.02,0.04,38.26
2021-09-01,fossil fuels,3.66,232.3,10.77,4.8,26451.81,9.97,224517.21,14142.76,0.71,243.08
2021-09-01,others,0.0,167.29,0.66,0.0,15880.91,5.63,0.0,0.0,0.0,167.96
2021-09-01,renewables,1.63,38.91,4.88,0.05,4962.5,1.64,213.0,38.47,0.08,43.79
2021-10-01,fossil fuels,3.11,161.06,8.72,5.46,19002.8,9.76,165184.07,10490.96,0.91,169.78
2021-10-01,others,0.0,155.3,0.23,0.0,14780.47,6.24,0.0,0.0,0.0,155.53
2021-10-01,renewables,0.1,18.33,3.02,0.02,2092.11,1.54,0.63,1.64,0.0,21.35
2021-11-01,fossil fuels,2.89,188.2,8.24,5.61,22055.78,9.95,203073.53,15027.38,0.89,196.44
2021-11-01,others,0.0,191.53,0.31,0.0,18190.26,6.44,0.0,0.0,0.0,191.83
2021-11-01,renewables,1.02,39.26,3.62,0.03,4685.77,1.22,151.2,28.57,0.04,42.88
2021-12-01,fossil fuels,1.97,67.86,2.23,3.61,6396.48,8.64,81480.65,11525.11,0.34,70.09
2021-12-01,others,0.0,112.62,0.18,0.0,10661.67,8.34,0.0,0.0,0.0,112.8
2021-12-01,renewables,1.88,61.4,2.07,0.06,6760.25,1.54,282.2,49.58,0.1,63.47
2022-01-01,fossil fuels,3.33,84.92,9.14,3.4,9336.28,10.51,73353.94,5225.96,0.8,94.06
2022-01-01,others,0.0,2.02,0.74,0.0,180.72,5.22,0.0,0.0,0.0,2.76
2022-01-01,renewables,1.26,14.63,3.58,0.04,3870.35,1.47,221.98,31.27,0.06,18.2
2022-02-01,fossil fuels,3.14,154.48,3.18,5.03,17229.9,8.54,141410.35,13325.28,0.73,157.66
2022-02-01,others,0.0,100.06,0.81,0.0,9483.98,2.11,0.0,0.0,0.0,100.87
2022-02-01,renewables,1.38,25.38,4.85,0.04,7088.38,1.17,218.62,35.08,0.06,30.23
2022-03-01,fossil fuels,2.97,153.56,9.1,4.08,17285.05,9.93,168270.99,14320.08,0.81,162.66
2022-03-01,others,0.0,166.71,0.25,0.0,15932.31,2.42,0.0,0.0,0.0,166.96
2022-03-01,renewables,0.0,12.51,3.74,0.0,3175.42,1.13,0.0,7.62,0.0,16.26
2022-04-01,fossil fuels,1.32,57.91,7.53,4.99,6652.9,9.39,62615.34,6782.86,0.63,65.44
2022-04-01,others,0.0,98.7,0.7,0.0,9423.79,4.49,0.0,0.0,0.0,99.4
2022-04-01,renewables,1.97,14.43,3.24,0.08,4249.08,1.71,180.21,30.58,0.04,17.67
2022-05-01,fossil fuels,2.75,22.83,11.4,6.42,2745.48,8.16,28352.4,2820.18,0.56,34.23
2022-05-01,others,0.0,0.95,0.95,0.0,175.62,7.59,0.0,0.0,0.0,1.89
2022-05-01,renewables,2.84,20.81,1.99,0.09,6406.92,1.82,468.92,62.21,0.14,22.8
2022-06-01,fossil fuels,2.72,120.05,4.52,7.96,13785.59,8.68,115297.78,7172.47,0.71,124.56
2022-06-01,others,0.0,139.22,0.16,0.0,13266.32,8.28,0.0,0.0,0.0,139.39
2022-06-01,renewables,1.24,15.19,2.45,0.06,4358.11,1.82,112.3,18.02,0.04,17.63
2022-07-01,fossil fuels,2.79,131.26,5.03,7.84,15194.56,9.12,122729.74,5891.13,0.76,136.29
2022-07-01,others,0.0,148.1,0.19,0.0,14103.73,7.5,0.0,0.0,0.0,148.29
2022-07-01,renewables,1.19,12.83,1.86,0.05,3495.56,1.83,125.84,20.49,0.03,14.69
2022-08-01,fossil fuels,2.57,206.93,9.82,7.16,24187.18,9.16,199553.9,8649.42,0.74,216.75
2022-08-01,others,0.0,218.57,0.52,0.0,20847.64,4.33,0.0,0.0,0.0,219.09
2022-08-01,renewables,0.52,12.68,3.04,0.04,3567.02,1.72,74.5,8.82,0.02,15.72
2022-09-01,fossil fuels,4.1,72.98,6.95,4.37,9332.46,7.98,73956.27,1171.74,1.03,79.93
2022-09-01,others,0.0,4.95,0.0,0.0,252.52,14.1,0.0,0.0,0.0,4.95
2022-09-01,renewables,0.0,2.24,2.28,0.0,254.21,1.42,0.0,8.81,0.0,4.52
2022-10-01,fossil fuels,3.08,136.91,5.29,6.71,16152.03,9.29,154955.3,10289.25,1.02,142.21
2022-10-01,others,0.0,138.78,0.69,0.0,13207.17,6.24,0.0,0.0,0.0,139.47
2022-10-01,renewables,0.0,6.48,5.11,0.0,1445.29,1.61,0.0,5.33,0.0,11.59
2022-11-01,fossil fuels,2.99,194.2,4.05,8.61,21402.33,8.08,213897.92,21376.49,0.84,198.25
2022-11-01,others,0.0,130.83,0.08,0.0,12466.51,5.98,0.0,0.0,0.0,130.91
2022-11-01,renewables,0.17,13.43,1.66,0.05,3578.77,1.24,2.28,8.3,0.0,15.09
2022-12-01,fossil fuels,3.21,183.83,6.85,5.94,20905.52,9.56,172004.56,12712.98,0.9,190.68
2022-12-01,others,0.0,180.32,0.44,0.0,17167.95,4.7,0.0,0.0,0.0,180.76
2022-12-01,renewables,1.18,19.61,2.91,0.05,5090.05,1.54,173.8,28.31,0.05,22.52
